pecha_id,split,source_batch,chars,n_gold
I0156A8B1,train,new,62574,23
I048844DB,train,new,50543,58
I069801F1,train,new,55881,3
I07240379,test,new,140805,118
I07ECF0AE,train,new,93532,10
I08405360,train,new,346900,250
I0B81CD66,train,new,347591,479
I0FCFA88F,test,new,239456,248
I10C4C4B5,train,new,206837,107
I130B5D0F,train,new,82233,20
I163178A0,train,new,7522,20
I1637B774,train,new,27637,11
I19A08A51,val,new,14897,19
I1DCBD5CC,val,new,151607,52
I2133CA39,train,new,299998,522
I23323023,train,new,84969,1
I2342D649,train,new,453046,163
I24EDBDA0,train,new,559845,118
I25463E37,train,new,162273,24
I2618C5EC,train,new,84690,40
I27E347E9,train,new,402984,162
I29CFF9F3,train,new,281600,147
I29E8AA65,train,new,270007,94
I2B02A144,train,new,560215,127
I2D0F4FAF,train,new,30011,8
I2D96E5C8,train,new,570550,489
I2E52374B,train,new,100711,280
I2EAAF38A,val,new,133233,126
I2FCD4B1D,val,new,674216,327
I319DAFF7,test,new,6503,15
I31F3338B,train,new,12232,41
I32431963,train,new,21239,24
I330D366C,train,new,129105,32
I33763376,train,new,111066,57
I36A7A668,test,new,360191,88
I3B871A64,train,new,26690,31
I3F4A91F5,test,new,330806,367
I40E5024E,train,new,198256,41
I4232A561,train,new,25678,39
I45222122,train,new,292571,186
I4A6AC1AA,train,new,28737,5
I4ABDA91A,train,new,521338,63
I4B1806B4,val,new,204827,25
I4BECA32D,train,new,281933,153
I4CAE7B8B,train,new,260997,279
I4E0DAA7C,val,new,193815,129
I4EE8C636,train,new,407949,137
I4FABF1F8,train,new,247608,123
I4FD99A33,val,new,293101,211
I4FDF07E7,val,new,10399,52
I5048861E,train,new,26999,33
I5134B437,train,new,336701,13
I518A01A8,val,new,290789,11
I51B9FE5F,train,new,256065,70
I52248444,test,new,234035,236
I54375004,train,new,111178,24
I55D7A55C,train,new,30274,165
I575514A8,test,new,55550,77
I577D1677,val,new,37932,11
I57BB7B28,train,new,583830,347
I587B7DED,train,new,22518,8
I5AEEE5CA,train,new,499234,483
I5BFCBB3F,train,new,17335,76
I5F5D9F5A,train,new,156989,139
I60D0ED54,val,new,21161,25
I617FDD1E,train,new,3076,14
I6193773E,train,new,38378,26
I61AB8DA8,val,new,244959,228
I62D7430C,train,new,28689,10
I6380CEC4,val,new,413240,185
I64B5DDDD,train,new,166926,36
I6A834445,train,new,58032,56
I6F43CD1F,train,new,14830,15
I74772DFF,train,new,189248,52
I786395B4,train,new,64332,344
I78C84F85,train,new,85602,23
I7D476A8B,test,new,256893,55
I8006C360,train,new,66302,26
I849C345E,train,new,234862,48
I85485484,train,new,5985,18
I85C28EDA,train,new,167221,44
I8698A1DF,val,new,96422,5
I881A57E8,train,new,123453,100
I88977D82,train,new,244713,215
I88CF073C,train,new,199779,4
I88DA3111,val,new,10195,29
I895C519A,val,new,19661,77
I8961718B,train,new,287997,111
I8994AAB2,train,new,321927,595
I8A57AE06,train,new,9702,29
I8B49E87B,val,new,315392,83
I8D6D2565,train,new,52135,27
I8E747E8E,val,new,79652,75
I8EC6D8E9,train,new,37575,26
I91949F99,train,new,256137,278
I920AA7AC,train,new,336116,536
I9434034F,train,new,42966,6
I9658BC87,train,new,559981,10
I9779E60E,val,new,57331,13
I97B90DC0,train,new,301570,150
I9811592F,val,new,116840,26
I98D03292,train,new,412649,814
I99DF06AA,train,new,475299,112
I99F347E4,train,new,12596,7
I9AEEF96A,test,new,11369,22
I9B6A4525,test,new,246392,196
I9CB71958,train,new,31805,192
I9D810AA7,train,new,19336,3
I9D9C7AC9,test,new,14402,42
I9E666AF8,train,new,19307,7
I9FF2B59B,train,new,153228,34
IA2F1ACFA,train,new,284423,344
IA3DD1ADA,train,new,13071,33
IA473D353,val,new,108809,11
IA736981A,train,new,58044,112
IAA85B9B5,train,new,10832,13
IAAADCAA0,train,new,88023,6
IAB948889,train,new,86696,90
IAE1E11E5,val,new,150336,54
IB047F8C7,train,new,272888,26
IB2BA1922,train,new,790885,335
IB45DE768,train,new,7695,11
IB47565DE,train,new,275566,39
IB4B89F9C,train,new,425538,305
IB522F095,train,new,281185,140
IB5F523B2,val,new,4544,30
IB8D599AA,train,new,388143,61
IB8EEB9FB,train,new,328903,251
IB9CA8898,train,new,32658,92
IBB199AAB,train,new,74644,46
IBB812389,train,new,54112,3
IBBB26EA1,train,new,18588,13
IBC775AF6,train,new,284388,18
IBD1386A4,train,new,189841,32
IBF8C5BB6,train,new,256079,43
IBFACCCDF,train,new,141184,65
IC05A6BE0,test,new,126988,8
IC555D0EB,train,new,300840,91
IC5CE7FE9,train,new,339122,497
IC6F06BCD,test,new,272537,122
IC7A5FC73,train,new,357663,342
IC87920B7,train,new,200891,238
IC99C24DC,train,new,3111,9
ICC9840B6,train,new,600774,33
ICD7F2351,train,new,32384,8
ICDC84458,test,new,674665,181
ID13E3867,train,new,483768,475
ID4AD2D0E,train,new,8919,46
ID5714205,train,new,465233,463
ID8FE83E3,train,new,729586,734
IDA8C4CE5,train,new,58743,23
IDAB254F1,train,new,189814,295
IDACD7FC0,train,new,12267,33
IDAD44BA2,train,new,19963,28
IDB6093E9,test,new,389471,154
IDBFF9DE3,train,new,398204,421
IDDA7F69E,train,new,533162,5
IDDB46142,train,new,4214,15
IE0AB7438,train,new,295963,79
IE166DA22,train,new,21584,108
IE1B4BBB9,train,new,92715,383
IE2421BEA,train,new,581305,570
IE5895799,test,new,247282,227
IE79CC998,train,new,18157,25
IE8EB4CB4,train,new,50913,15
IE9C4806D,train,new,16372,50
IEA9B747E,train,new,508071,283
IEAAE08E1,train,new,7249,8
IEB5D4BEB,train,new,289482,15
IEE67309C,train,new,222314,230
IEEB908B0,train,new,59149,14
IEEBAD11E,train,new,3592,13
IEEC9CCA9,train,new,8487,6
IEF3A4022,train,new,402148,272
IEFE24A29,train,new,12939,8
IF30A1358,train,new,61357,13
IF3ACC3E1,test,new,35731,45
IF428CDDB,train,new,414209,674
IF4C4BF01,train,new,385966,237
IF69FF8A7,train,new,70655,20
IF6B54962,train,new,10526,19
IF7A04537,train,new,234686,195
IF84B2E71,train,new,130583,124
IF85C9484,train,new,420489,337
IFA88A536,test,new,173506,254
IFC5AD8FD,train,new,157990,51
IFE0B60AA,train,new,34506,17
IFF541F44,train,new,208766,221
IFFA911F5,train,new,156768,63
P000012,train,old,269942,3
P000013,test,old,146342,44
P000015,train,old,111298,426
P000020,train,old,289013,20
P000021,train,old,268019,195
P000022,train,old,380072,61
P000024,train,old,349954,73
P000025,train,old,335262,185
P000026,train,old,38055,26
P000027,test,old,74767,52
P000028,val,old,546785,172
P000029,train,old,282867,156
P000030,train,old,761197,46
P000034,train,old,819268,280
P000036,train,old,526759,51
P000037,test,old,931698,161
P000042,train,old,188086,23
P000044,train,old,221545,250
P000046,train,old,250389,284
P000048,train,old,569375,55
P000051,train,old,558680,151
P000054,train,old,689458,236
P000055,train,old,303755,110
P000063,train,old,176001,158
P000066,train,old,47162,35
P000067,test,old,501704,382
P000068,train,old,560179,171
P000070,train,old,368106,105
P000071,val,old,237897,147
P000073,val,old,564330,56
P000074,train,old,663463,101
P000075,train,old,74786,20
P000078,train,old,842034,684
P000080,train,old,372493,182
P000081,train,old,473180,196
P000083,test,old,318034,225
P000084,val,old,152131,76
P000085,train,old,752850,248
P000087,train,old,694025,489
P000089,train,old,620370,165
P000090,train,old,255915,123
P000094,train,old,197515,41
P000096,train,old,58310,13
P000098,train,old,629352,38
P000099,train,old,238013,88
P000100,train,old,111176,22
P000101,train,old,684161,115
P000102,train,old,24301,10
P000103,train,old,139761,5
P000111,train,old,411816,499
P000112,train,old,385956,15
P000114,train,old,207201,36
P000115,train,old,717305,171
P000118,test,old,80775,42
P000119,train,old,596151,119
P000122,train,old,79820,25
P000123,train,old,403680,378
P000127,train,old,213073,25
P000128,train,old,118004,86
P000129,train,old,502945,213
P000132,train,old,157152,129
P000134,train,old,26537,9
P000135,train,old,71282,58
P000136,train,old,55472,15
P000140,train,old,654338,64
P000141,train,old,87122,48
P000144,test,old,247849,107
P000145,train,old,248948,109
P000151,train,old,507551,240
P000152,train,old,994635,4
P000153,train,old,166973,95
P000155,train,old,161248,75
P000157,train,old,445773,490
P000159,train,old,623271,146
P000160,train,old,874282,969
P000161,val,old,537718,345
P000162,train,old,194650,35
P000164,test,old,467097,313
P000167,train,old,10261,16
P000168,train,old,138792,18
P000169,train,old,692709,197
P000170,train,old,207518,70
P000171,train,old,931701,32
P000172,train,old,72237,152
P000173,train,old,115994,39
P000175,val,old,362606,334
P000177,train,old,288680,392
P000179,train,old,350528,170
P000180,train,old,307762,442
P000183,train,old,597116,9
P000185,train,old,143370,60
P000186,train,old,323606,74
P000187,train,old,15409,9
P000188,train,old,216193,3
P000189,train,old,24724,10
P000193,train,old,176415,20
P000194,train,old,19446,7
P000195,train,old,299336,207
P000197,train,old,216648,33
P000198,train,old,647176,160
P000199,train,old,702627,211
P000200,val,old,124473,16
P000201,train,old,17663,8
P000203,train,old,178374,150
P000207,train,old,278772,212
P000211,train,old,200688,53
P000213,train,old,153585,164
P000215,val,old,164993,23
P000216,train,old,200124,84
P000217,train,old,54308,14
P000218,train,old,847725,131
P000219,train,old,335434,44
P000224,train,old,788838,583
P000225,train,old,619695,45
P000227,train,old,452155,151
P000229,train,old,457311,261
P000230,train,old,361653,41
P000236,train,old,524770,108
P000237,val,old,148092,104
P000240,train,old,792151,58
P000241,train,old,512916,266
P000242,test,old,463558,261
P000245,train,old,442414,8
P000246,train,old,733082,233
P000247,test,old,66281,8
P000250,train,old,126461,160
P000251,train,old,33156,40
P000252,train,old,32389,26
P000253,train,old,74090,13
P000254,train,old,223408,109
P000259,train,old,137046,129
P000263,train,old,762363,430
P000269,test,old,314487,29
P000275,val,old,580644,14
